{"cameraMode":{"drawMode":0,"name":"Shaded","section":"Shading Mode"},"sceneLighting":true,"audioPlay":false,"sceneViewState":{"m_AlwaysRefresh":false,"showFog":true,"showSkybox":true,"showFlares":true,"showImageEffects":true,"showParticleSystems":true,"showVisualEffectGraphs":true,"m_FxEnabled":true},"in2DMode":false,"pivot":{"x":0.9804048538208008,"y":1.6699342727661133,"z":-0.10251140594482422},"rotation":{"x":0.04444233328104019,"y":-0.4891239106655121,"z":-0.02497534267604351,"w":-0.8707431554794312},"size":21.91400718688965,"orthographic":false}