{"cameraMode":{"drawMode":0,"name":"Shaded","section":"Shading Mode"},"sceneLighting":true,"audioPlay":false,"sceneViewState":{"m_AlwaysRefresh":false,"showFog":true,"showSkybox":true,"showFlares":true,"showImageEffects":true,"showParticleSystems":true,"showVisualEffectGraphs":true,"m_FxEnabled":true},"in2DMode":false,"pivot":{"x":0.010000007227063179,"y":-0.3298802375793457,"z":0.9153968691825867},"rotation":{"x":-0.05120285972952843,"y":0.8176271319389343,"z":-0.07387294620275498,"w":-0.5687845349311829},"size":0.2936910092830658,"orthographic":false}