{"cameraMode":{"drawMode":0,"name":"Shaded","section":"Shading Mode"},"sceneLighting":true,"audioPlay":false,"sceneViewState":{"m_AlwaysRefresh":false,"showFog":true,"showSkybox":true,"showFlares":true,"showImageEffects":true,"showParticleSystems":true,"showVisualEffectGraphs":true,"m_FxEnabled":true},"in2DMode":false,"pivot":{"x":45.67561340332031,"y":21.20182228088379,"z":114.00138854980469},"rotation":{"x":0.11345716565847397,"y":-0.07206884771585465,"z":0.008235806599259377,"w":0.9909204840660095},"size":2.246847152709961,"orthographic":false}